category,symbol,event_date,expected_move,day0_return,final_signal_score,final_signal_direction,tone_numbers_score,prepared_qa_score,regime_shift_score,temp_struct_score,analyst_skepticism_score,t30_return,t30_hit,t60_return,t60_hit,eps_strength,revenue_strength,overall_numbers_strength,overall_tone,prepared_tone,qa_tone,neg_temporary_ratio,pos_temporary_ratio,key_temporary_factors,key_structural_factors,skeptical_question_ratio,followup_ratio,topic_concentration,risk_focus_score,one_sentence_summary,error
GAINER,ORCL,2025-09-09,+35.95%,0.3595,5.0,NEUTRAL,5.0,5.0,5.0,5.0,5.0,-0.1696,,-0.3472,,1,2,2,2,2,2,0.1,0.2,Higher-than-guided tax rate reduced EPS by $0.03 in Q1; Current GPU and inferencing capacity constraints limiting ability to meet demand; Timing of data hall acceptances can shift revenue recognition by weeks or months,"Oracle becoming the go-to / de facto standard cloud for AI training workloads; Explosive, multi-year growth in AI inferencing demand expected to exceed training market; Massive growth in remaining performance obligations to $455 billion with expectation to exceed $500 billion; Multi-year OCI revenue trajectory raised to $18B this year and $144B over four years; Oracle AI database enabling vectorization of enterprise data and secure linkage to leading LLMs; Deep integration and embedded Oracle regions inside AWS, Azure, and GCP with 71 multi-cloud data centers planned; Structural cost and performance advantage from Oracle-engineered GPU superclusters and networking; Cloud-at-customer and dedicated region offerings including low-cost ‘butterfly’ 3-rack full-cloud solution; Shift to AI-generated applications and application generators reducing labor intensity and improving product scope; Large installed base of Oracle databases as primary custodian of high-value enterprise data; Strategic back-office and industry-specific cloud applications driving broader suite adoption; CapEx model focused on revenue-generating equipment rather than owned real estate",0.0,0.0,0.9,25,"Oracle reported an exceptionally strong, AI-driven quarter with massive RPO and raised multi-year OCI growth plans, while management and analysts focused overwhelmingly on the structural AI opportunity and capital deployment rather than risks.",
GAINER,IDXX,2025-08-04,+27.49%,0.2749,4.4,BEARISH,5.0,2.0,5.0,5.0,5.0,-0.0544,True,-0.0709,True,2,2,2,2,2,1,0.6,0.25,U.S. clinical visit declines of roughly 2.5% attributed to ongoing macro and sector headwinds; FX tailwind adding approximately $70 million to full-year revenue and $0.22 to EPS versus prior guide; Lapping of a discrete litigation expense in Q2 2024 boosting year-over-year operating profit and EPS growth comparisons; Short-term trade and tariff landscape uncertainty with mitigations via operational planning; Timing of commercial expansions and project spend affecting near-term operating margin progression,"Secular increase in diagnostic frequency and utilization per clinical visit, with diagnostics becoming more central to veterinary care; Rapid adoption and multi-year placement opportunity of inVue Dx as a transformational AI-enabled cytology platform driving recurring consumables; Expansion and high retention of the premium instrument installed base supporting durable recurring revenue growth; Growing contribution of new diagnostic tests such as IDEXX Cancer Dx, Catalyst Pancreatic Lipase, and Catalyst Cortisol; Strategic expansion of international commercial footprint and reference lab network enabling sustained double-digit growth outside the U.S.; Increasing adoption of cloud-native software (PIMS, Web PACS, Vello) that integrates diagnostics and drives recurring revenue; High customer retention in the high 90s across diagnostic modalities indicating durable competitive positioning; Structural aging of the pet population and elevated pet ownership supporting long-term demand for advanced veterinary care",0.25,0.0,0.7,38,"IDEXX reported a very strong Q2 with double-digit profit growth, record instrument placements, and a raised 2025 revenue and EPS outlook driven by inVue Dx and other innovations, while framing softer U.S. clinical visits and macro headwinds as manageable against a structurally robust diagnostics growth story.",
GAINER,NRG,2025-05-12,+26.21%,0.2621,4.4,BEARISH,5.0,2.0,5.0,5.0,5.0,0.0180,False,0.0173,False,2,1,2,2,2,1,0.1,0.2,favorable weather in the Northeast supporting Q1 results; timing of certain working capital items boosting free cash flow in Q1; near-term deleveraging period with elevated debt paydown over 24–36 months,acquisition of 13 GW natural gas generation and 6 GW C&I VPP platform from LS Power at attractive multiples; doubling of NRG’s owned generation fleet to 25 GW and becoming naturally long versus retail load in core markets; raised long-term adjusted EPS CAGR target to 14% through 2029 based on flat power and capacity prices; expansion of large-load and data center strategy enabled by more sites and GE/Kiewit turbine reservations; enhanced credit profile with long-term net debt to EBITDA target below 3x and substantial collateral efficiencies; strong and growing smart home / residential VPP platform with high customer uptake and cross-sell into recurring services; disciplined capital allocation framework including $1 billion annual share repurchases during deleveraging and 7–9% dividend growth; emerging power market ‘super cycle’ and sustained structural demand growth in PJM and ERCOT; leading C&I VPP platform (CPower) with 95% retention and diversified customer base; shift in growth mix toward organic and acquisition-driven earnings rather than buybacks,0.15,0.0,0.7,38,"NRG reported record Q1 results and announced a highly accretive, transformational LS Power acquisition that doubles its generation fleet, raises long-term EPS growth to 14%, and enhances its large-load and VPP strategy while committing to disciplined deleveraging and capital returns.",
GAINER,APP,2025-02-12,+24.02%,0.2402,4.4,BEARISH,5.0,2.0,5.0,5.0,5.0,-0.4225,True,-0.2624,True,0,2,2,2,2,1,0.3,0.25,Q4 ecommerce and gaming seasonality including holiday and Black Friday boost; step function increase in data center and GPU costs expected to normalize with scale; timing of cash tax payments benefiting free cash flow; volatility in ecommerce advertiser spend around holiday inventory cycles; near-term limitation from small ecommerce go-to-market team and manual onboarding; Apps segment divestiture timing and regulatory approval uncertainty,"expansion from gaming-only to a broad, multi-vertical performance advertising platform; AXON AI models continuously improving and applicable across many advertiser categories; large addressable market of over 10 million online advertisers targeted via self-serve tools; strategic divestiture of Apps business to become a pure advertising platform; focus on automation, AI agents, and lean high-EBITDA-per-employee operating model; growing ecommerce and non-gaming demand increasing monetization of existing gaming inventory; potential to unlock CTV performance advertising using Wurl supply as non-gaming demand scales; ability to attract more gaming supply by reducing reliance on competitive game ads; recurring high-margin economics with 58%+ adjusted EBITDA margin and strong free cash flow conversion; personalization and generative AI initiatives to create more effective, tailored ad creatives",0.15,0.05,0.6,38,"AppLovin reported exceptionally strong Q4 and full-year growth with expanding margins while articulating a structurally bullish pivot from gaming to a broad AI-driven advertising platform, framing most headwinds as manageable and temporary and emphasizing massive long-term ecommerce and multi-vertical opportunities.",
GAINER,PLTR,2025-02-03,+23.99%,0.2399,5.0,NEUTRAL,5.0,5.0,5.0,5.0,5.0,-0.1708,,0.1191,,0,2,2,2,2,2,0.3,0.2,Revenue catch-up from a customer in Asia boosting international commercial growth in Q4; One-time acceleration of $131 million of SAR-related stock-based compensation expense in Q4; Anticipated decline in 2025 revenue from strategic commercial contracts to approximately 0.5% of full-year revenue; Short-term reduction in revenue from strategic commercial contracts in Q1 2025 versus Q1 2024,"Rapid adoption of AIP and ontology-driven AI solutions across U.S. commercial customers; Sustained high growth in U.S. commercial revenue and customer count, with strong TCV and remaining deal value; Reacceleration and deepening of U.S. government and international government programs, including MAVEN and Army Vantage; Multi-year contracts and renewals with large enterprises such as Rio Tinto, major U.S. pharmacy, telecom, and insurance customers; High and improving profitability with structurally high gross margins and strong free cash flow generation; Strategic focus on U.S. market and AI production use cases as primary growth engine; Ongoing investment in technical talent and product pipeline to support AI and enterprise autonomy initiatives; Positioning within a perceived long-term AI arms race and reindustrialization of the U.S. economy",0.1,0.0,0.4,47,"Palantir reported an exceptionally strong Q4 with accelerating revenue growth, record margins, and bullish 2025 guidance driven by rapid U.S. AI adoption, while emphasizing its ontology-based structural advantage and downplaying only limited temporary factors such as one-time expenses and strategic contract roll-offs.",
GAINER,DAL,2025-04-09,+23.38%,0.2338,5.0,NEUTRAL,5.0,5.0,5.0,5.0,5.0,0.0956,,0.1412,,0,0,0,-1,-1,-1,0.6,0.3,"near-term macro uncertainty and tariff skirmishes impacting demand; recent wealth effect from equity market pullback weighing on price-sensitive consumers; winter weather disruptions early in the quarter; short-term softness in domestic Main Cabin demand, especially off-peak days; choppy and flattish corporate travel trends in the current environment","long-term shift toward premium products and higher share of revenue from premium cabins; diversified high-margin revenue streams including Loyalty, American Express co-brand, MRO, cargo and travel products; structural cost discipline and focus on low single-digit nonfuel unit cost growth; fleet modernization and accelerated retirement of older, less efficient aircraft; strong balance sheet with investment-grade credit ratings and ongoing debt reduction; secular tailwinds for air travel and durable demand from affluent consumer cohorts; expansion of MRO business including new 10-year UPS agreement; increasing international exposure with emphasis on U.S. point-of-sale and premium long-haul demand",0.35,0.15,0.6,72,"Delta reported flat EPS on record Q1 revenue but devoted much of the call to managing a tariff-driven macro slowdown via capacity cuts, cost actions and fleet/CapEx flexibility while emphasizing the structural resilience of its premium, loyalty and international franchises.",
GAINER,DDOG,2025-11-06,+23.13%,0.2313,4.4,BEARISH,5.0,2.0,5.0,5.0,5.0,,,,,0,2,2,2,2,1,0.2,0.3,holiday seasonality and vacation-driven usage softness incorporated into Q4 guidance; volume-based discounting for very large customers creating periodic revenue headwinds at renewal; GPU-related workloads currently contributing only modestly to revenue despite strong hyperscaler GPU growth; Bits AI and other AI products still in preview with limited near-term monetization; timing of large enterprise and Fortune 500 deals that can take more than a year to land,"long-term secular tailwinds from digital transformation and cloud migration; rapid adoption of AI and AI-native workloads driving multi-year observability demand; broad-based acceleration in non-AI customer usage and revenue growth across enterprise and SMB; expanding multi-product platform adoption with rising customers using 4, 6 and 8+ products; fast-growing security suite including Cloud SIEM, cloud security and good security with accelerating ARR growth; scaling sales capacity and new go-to-market motions targeting large and Fortune 500 enterprises; AI-driven Bits AI agents and LLM observability expected to structurally change incident response and operations; over 1,000 integrations and deep embedding in customer tech stacks increasing stickiness; strong land-and-expand model with low churn and mid- to high-90s gross revenue retention; ongoing cloud efficiency engineering efforts supporting sustainably high ~80% gross margins",0.2,0.05,0.6,32,"Datadog delivered a very strong Q3 with broad-based acceleration in both AI and non-AI customers, robust multi-product adoption and upbeat commentary on secular cloud and AI tailwinds, while downplaying risks to largely timing, discounting and normal seasonality factors.",
GAINER,WST,2025-07-24,+22.78%,0.2278,4.4,BEARISH,5.0,2.0,5.0,5.0,5.0,-0.1016,True,-0.0305,True,1,1,1,1,2,1,0.7,0.3,ongoing but improving destocking headwinds in generics and to a lesser extent biologics; temporary capacity constraints at a European HVP plant being addressed via hiring and training; seasonal plant shutdowns in Europe expected to pressure second-half margins; non-recurring customer incentive payment in prior year creating tough Q3 comparison; FX tailwind to 2025 revenue and EPS guidance; tariff headwind estimated at $15–$20 million in 2025 with potential variability from policy changes,"multiyear Annex-1 driven HVP upgrade projects with 370 projects in pipeline and expected 150 bps annual growth contribution; secular growth in GLP-1 elastomer demand and obesity/diabetes auto-injectors and pens; increasing participation and win rates in biologics and biosimilars markets; expansion and optimization of global HVP manufacturing network including five centers of excellence; shift in mix toward high-value product components driving sustained margin expansion; strategic build-out of Dublin facility for auto-injectors, pens and drug handling to replace CGM diagnostics volume post-2026; SmartDose automation initiative expected to structurally improve device economics; ongoing conversion of standard products into HVP offerings providing a recurring upgrade pipeline; focus on aligning manufacturing locations with revenue to mitigate tariffs and improve service levels",0.25,0.05,0.6,48,"West Pharmaceutical delivered a solid Q2 beat with raised 2025 revenue and EPS guidance driven by high-value product momentum, while framing remaining destocking, capacity constraints and tariff exposure as manageable and largely transitional against a favorable multiyear Annex-1, GLP-1 and biologics growth backdrop.",
GAINER,JBHT,2025-10-15,+22.14%,0.2214,5.0,NEUTRAL,5.0,5.0,5.0,5.0,5.0,0.0259,,,,1,0,1,1,1,1,0.4,0.25,Soft freight demand and below-normal seasonality in the current quarter; Early ocean peak season timing versus inland peak timing; Depressed truckload spot rates muting impact of capacity exits; Short-term impact from recent regulatory enforcement tightening truckload capacity; Startup costs from onboarding new Dedicated contracts; Loss of legacy appliance-related Final Mile business in 2026; Port labor disruption effects on prior-year West Coast volumes affecting comps,"Company-wide initiative to remove $100 million of structural costs and lower cost to serve; Long-term margin repair and focus on stronger incrementals when the market turns; Operational excellence and safety culture driving record safety performance and lower risk costs; Scale and leadership position in domestic intermodal with strong rail partnerships; Ongoing truckload capacity exits and industry consolidation dynamics; Customer shift toward doing more business with fewer, financially strong, high-service carriers; Technology and automation investments including 360 platform and AI agents to improve efficiency; Dedicated Contract Services model with long sales cycles and diversified on-site fleet operations; Secular highway-to-intermodal conversion opportunity, especially in the Eastern network and Mexico; Structural inflation in wages, benefits, healthcare, and insurance costs; Regulatory changes around non-domiciled CDLs, visas, and ID verification impacting industry capacity; Strategic capital allocation with sustained buybacks and investment-grade balance sheet",0.35,0.1,0.6,58,"JB Hunt delivered flat revenue but materially higher earnings driven by structural cost reductions and operational excellence, while emphasizing long-term intermodal and dedicated growth amid a still-soft freight market, regulatory-driven capacity shifts, and evolving rail consolidation risks.",
GAINER,PODD,2025-05-08,+20.88%,0.2088,4.4,BEARISH,5.0,2.0,5.0,5.0,5.0,0.0007,False,-0.1074,True,0,2,2,2,2,1,0.6,0.2,prior-year U.S. channel stocking benefit adding ~700 bps to growth; timing of rebates creating ~450 bps U.S. revenue headwind expected to be neutral for the full year; FX headwinds and tailwinds impacting reported international growth by several hundred basis points; 50 bps gross margin headwind from tariffs in 2025; timing of tariff impacts causing first-half vs second-half gross margin phasing,"sustained high growth in Omnipod franchise with raised 2025 revenue guidance; expansion into type 2 diabetes with growing share of new customer starts over 30%; international expansion with Omnipod 5 launches across 13+ markets and more to come; advanced automation and diversified global manufacturing footprint in the U.S., China, and Malaysia driving durable gross margin strength; pay-as-you-go, wearable, disposable model and multiple CGM integrations as long-term competitive advantages; ongoing sales force expansion and direct-to-consumer marketing to broaden reach, especially in type 2; data and software ecosystem including iOS app adoption and Omnipod Discover to improve engagement and retention; multi-year expectation of 100+ bps annual operating margin expansion; strengthened capital structure with new senior notes, upsized revolver, and planned convertible retirement; board-authorized share repurchase program to offset stock-based compensation dilution",0.15,0.05,0.4,38,"Insulet delivered a very strong Q1 with 30% revenue growth, expanding 70%+ gross margins and raised full-year guidance, while emphasizing structural growth from type 2 and international expansion and downplaying largely manageable, temporary headwinds like tariffs and rebate timing.",
LOSER,FISV,2025-10-29,-44.04%,-0.4404,5.0,NEUTRAL,5.0,5.0,5.0,5.0,5.0,,,,,-2,-2,-2,-1,-1,-1,0.4,0.3,slowing cyclical growth and normalization of excess interest rates and inflation in Argentina; significant Q3 Argentine peso devaluation driving FX expense; temporary spike in Argentina interest expense; grow-over headwinds from 2024 network fee revenue for a large PFAC client; lower periodic license revenue timing in Financial Solutions; gateway conversion runoff impacting Clover GPV growth; short-term revenue initiatives and fees being eliminated in Clover; near-term margin pressure from elevated CapEx and Project Elevate ramp,"reset of revenue and earnings baseline to mid-single-digit organic growth ex-Argentina; decision to deprioritize short-term revenue and expense initiatives in favor of recurring, client-focused business; historical underinvestment and deferred investments now being reversed to restore client service and product execution; multi-year One Fiserv action plan focused on client-first mindset and ARPC growth; strategic push to build Clover into a full small business operating system; modernization and consolidation of banking cores from 16 to 5 led by Finxact; investment in modern issuing platforms Optis and Vision Next for embedded finance and international expansion; build-out of Commerce Hub and orchestration layers for omnichannel enterprise payments; Project Elevate multiyear AI-driven operational transformation with IBM; stablecoin and digital asset strategy including FIUSD and StoneCastle acquisition; leadership overhaul including new Co-Presidents, new CFO, and refreshed Board with new Chair and Audit Chair; commitment to disciplined capital allocation and portfolio optimization including monetizing non-core businesses; stated long-term goal of returning to consistent mid-single-digit revenue growth and double-digit EPS growth from 2027",0.75,0.0,0.8,78,"Fiserv delivered sharply weaker Q3 results and a major reset of 2025–2026 growth and margin expectations, attributing past outperformance to Argentina and short-term initiatives while outlining a multi-year investment and leadership overhaul aimed at restoring mid-single-digit organic growth and double-digit EPS from 2027 onward.",
LOSER,TTD,2025-08-07,-38.61%,-0.3861,5.0,NEUTRAL,5.0,5.0,5.0,5.0,5.0,-0.1490,,-0.0942,,0,1,1,1,2,0,0.7,0.3,tariff-related uncertainty and pressure on large global brands; volatility in auto and CPG ad spend earlier in the year that has since stabilized; election-cycle and political ad spend timing effects on year-over-year comparisons; seasonal softness in home and garden vertical as summer moves on,"secular shift of TV budgets into CTV and decisioned programmatic channels; growing adoption and performance impact of Kokai and Koa AI across campaigns; expansion of retail media and use of retail purchase data for outcome-based measurement; increasing number and scale of multiyear joint business plans with major brands and agencies; supply chain efficiency initiatives including OpenPath and Sincera data integration; strategic positioning as an independent, objective DSP versus walled gardens; global expansion with international growth outpacing North America; long-term dual-class share structure to preserve founder-led, long-horizon strategy",0.3,0.0,0.7,55,The Trade Desk reported solid Q2 growth with strong CTV and Kokai-driven performance while emphasizing long-term AI and open-internet advantages amid near-term macro and tariff-related uncertainty for large brand advertisers.,
LOSER,WST,2025-02-13,-38.22%,-0.3822,5.0,NEUTRAL,5.0,5.0,5.0,5.0,5.0,0.1160,,0.1022,,-2,-1,-2,-1,0,-1,0.6,0.2,Industry-wide destocking in biologics and generics expected to normalize through 2025; Short-term margin drag from SmartDose and other drug delivery devices during automation ramp; Near-term contract manufacturing margin pressure from underutilization and CGM customer exits; Foreign exchange headwind in 2025 guidance; One-time 2024 drug delivery device incentive not repeating in 2025,"Secular growth in biologics with high West win rate on new molecules; Long-term GLP-1 market expansion in both elastomers and devices; Adoption of EU Annex One driving mix shift toward high-value components; Strategic shift in contract manufacturing toward higher-margin, GLP-1 and drug-handling projects; Permanent capacity additions in HVP and GLP-1-related facilities (Dublin, Grand Rapids, Phoenix); Integrated prefilled syringe system development and launch; Ongoing focus on improving device economics and potential portfolio reshaping; Shareholder return framework including significant buybacks and normalized CapEx glide path",0.6,0.3,0.7,72,"West guided 2025 EPS well below prior year as device incentives roll off and CGM contracts are exited, while management emphasizes structurally strong HVP/biologics/GLP-1 growth and frames most headwinds as temporary mix and utilization issues they aim to work through over the next 1–2 years.",
LOSER,ALGN,2025-07-30,-36.63%,-0.3663,5.0,NEUTRAL,5.0,5.0,5.0,5.0,5.0,0.0198,,0.0481,,0,-1,-1,-1,-1,-1,0.4,0.3,"uneven patient case conversion in June leading to weaker than typical seasonal uptick; near-term economic uncertainty and consumer spending hesitancy impacting elective procedures; less affordable financing options for orthodontic treatment and capital equipment purchases; short-term impact from U.S. tariff turmoil in and outside the United States; Q3 seasonality driving expected sequential decline in clear aligner volume and Systems and Services revenue; one-time restructuring, asset write-down and accelerated depreciation charges in 2H 2025","multi-year decline in orthodontic starts with 2025 marking the fourth consecutive year of declines; shift by practices that use both wires and brackets and clear aligners toward more metal braces in periods of uncertainty; ongoing mix shift to lower-priced noncomprehensive clear aligner products and emerging markets; strategic move to regionalized, more automated manufacturing footprint with next-generation technologies; expansion of Invisalign First and early intervention solutions for teens and kids; growing adoption of digital dentistry and clear aligner therapy among DSOs/OSOs and larger practices; introduction and global rollout of new products such as IPE, mandibular advancement, DSP offerings and ortho-restorative solutions; structural focus on operating discipline, cost reductions and higher long-term operating margins; continued emphasis on consumer marketing and tools to improve case conversion at the point of care; long-term strategy to integrate x-ray diagnostics with iTero Lumina and expand scanner ecosystem",0.6,0.2,0.7,78,"Align reported slightly declining revenue and weaker-than-expected case conversion in a soft macro and orthodontic market, cut near-term guidance and announced sizable restructuring and manufacturing optimization actions while emphasizing long-term digital, teen and product innovation growth drivers and margin improvement targets.",
LOSER,SNPS,2025-09-09,-35.84%,-0.3584,5.0,NEUTRAL,5.0,5.0,5.0,5.0,5.0,0.1715,,0.1959,,-1,-1,-1,-1,-1,-1,0.4,0.3,China BIS export restrictions disrupting design starts and delaying multiyear IP commitments; Market-driven and customer-specific challenges at a major foundry customer impacting near-term IP revenue; Delay in completing divestitures of Optical Solutions Group and PowerArtist elongating full ANSYS integration; Short-term higher expenses related to initial ANSYS integration and interest on new term loans,"Strategic pivot of the IP business model from discrete IP to customized subsystems and future chiplet-based solutions; Reallocation of IP roadmap and resources toward higher-value interface and foundation IP for AI and data center markets; Persistent geopolitical and regulatory risk in China affecting design starts and long-term customer behavior; Multi-year integration of ANSYS to create a silicon-to-systems engineering solutions platform; Enterprise-wide GenAI deployment to structurally improve productivity and optimize cost structure; Planned ~10% global headcount reduction by fiscal 2026 to drive scale and efficiency; Ongoing diversification of customer and regional exposure, including via ANSYS’ different geographic mix; Shift in customer expectations toward higher customization and subsystem delivery with new monetization models including potential royalties",0.7,0.2,0.8,78,"Synopsys delivered solid overall growth but cut its outlook due to a sharp, multi-quarter reset in the IP business, while simultaneously integrating ANSYS, planning a 10% headcount reduction, and repositioning its portfolio and business model toward higher-value silicon-to-systems and AI-driven opportunities.",
LOSER,TTD,2025-02-12,-32.98%,-0.3298,5.0,NEUTRAL,5.0,5.0,5.0,5.0,5.0,-0.3182,,-0.0308,,-1,-1,-1,0,0,-1,0.7,0.2,series of small execution missteps in Q4; slower-than-expected Kokai rollout and client migration timing; organizational complexity prior to December reorganization; short-term disruption from largest reorganization in company history; election-related advertiser pauses and political noise; near-term margin deleverage from 2025 investment ramp; timing effects from leap year and lapping political spend in Q1,"secular shift of ad dollars to CTV and premium open internet; expansion of joint business plans and deeper brand-direct relationships; OpenPath direct supply strategy and Sincera-driven supply chain transparency; Kokai as the unified next-generation platform with AI-driven decisioning; growing importance of objective, independent DSP versus walled gardens; retail media and rich retail data as core growth driver; international expansion with faster growth than North America; UID2-based identity framework across CTV, audio and retail; permanent focus on AI/ML throughout the product stack; plan to materially scale senior leadership and operational rigor",0.6,0.0,0.8,68,"The Trade Desk delivered strong 2024 growth and profitability but missed its own Q4 expectations for the first time, prompting a candidly acknowledged execution reset with heavier near-term investment and organizational changes aimed at capturing what management portrays as an even larger, structurally expanding open-internet and CTV opportunity.",
LOSER,IT,2025-08-05,-27.55%,-0.2755,5.0,NEUTRAL,5.0,5.0,5.0,5.0,5.0,0.0410,,0.0238,,1,0,0,-1,0,-1,0.7,0.3,DOGE-driven U.S. federal government procurement changes constraining renewals and new business; Tariff-related uncertainty causing broad-based cost-cutting and elongated sales cycles; Tech vendor spending still only partway back to normal levels; Timing-related delays of a few larger tech vendor deals; Australian public sector pause around election and machinery-of-government changes; Canadian procurement changes and political pushback on U.S. vendors,"AI as a major, multi-year demand driver across roles and industries; Rollout of AskGartner generative AI tool embedded in Gartner’s proprietary content platform; Expanded cost optimization capabilities and services for clients; Ongoing shift to multi-year, mission-critical priority journeys with senior executives; Permanent salesforce scale around 5,000 quota-bearing heads with territory optimization discipline; Rebranding of Research to Business and Technology Insights to emphasize broader value; Internal deployment of over 50 AI applications to improve associate productivity; Sales development and apprenticeship programs to improve long-term sales productivity",0.5,0.2,0.7,68,"Gartner delivered slightly better-than-expected Q2 profitability and cash flow but cut 2025 revenue guidance amid DOGE and tariff-driven sales headwinds, while emphasizing AI-led product innovation and operational changes as the path back to double-digit contract value growth by 2027.",
LOSER,SWKS,2025-02-05,-24.67%,-0.2467,5.0,NEUTRAL,5.0,5.0,5.0,5.0,5.0,0.0252,,0.0081,,0,0,0,-1,0,-1,0.35,0.3,seasonal mid-to-high teens sequential decline in mobile revenue expected in Q2; ongoing but improving inventory digestion in industrial and infrastructure; underutilization in factories weighing on gross margin until demand recovers; muted demand environment across selective end-markets; seasonal fluctuations in Android revenue,"20% to 25% content loss at largest customer due to shift from single source to dual source on a key RF socket starting in fiscal Q4 2025 and impacting fiscal 2026; intensifying RF competitive landscape with major players crossing into each other’s product swim lanes; multi-year baseband/modem transition at largest customer creating turbulence among RF suppliers; strategic diversification toward Broad Markets including automotive, edge IoT, Wi-Fi 6E/7 and AI data center; expectation that Broad Markets can grow double-digits year-over-year over time; structurally higher RF content per vehicle driven by 5G, Wi-Fi, Bluetooth and V2X; multi-year smartphone and Wi-Fi upgrade cycles driven by on-device generative AI and Wi-Fi 7 adoption; continued long-term partnership with largest customer but with increased likelihood of dual-sourcing on larger RF modules; permanent focus on high-performance RF and selective participation in high-end Android market; CEO succession with a new President and CEO and board chair transition",0.5,0.25,0.8,78,"Skyworks delivered in-line Q1 results and normal near-term guidance but revealed a 20–25% content loss at its largest customer due to dual-sourcing, prompting a cautious tone focused on competitive RF pressures, factory underutilization, and a multi-year diversification push toward higher-margin Broad Markets.",
LOSER,BAX,2025-07-31,-22.42%,-0.2242,5.0,NEUTRAL,5.0,5.0,5.0,5.0,5.0,0.1025,,0.0579,,0,0,0,-1,-1,-1,0.7,0.3,temporary pause in Novum IQ LVP pump shipments and installations; hospital IV fluid conservation efforts expected to normalize over time; softness in U.S. injectables demand tied to post-hurricane protocol changes and elevated IV push usage; timing-related U.S. government order in injectables and anesthesia not repeating; Hurricane Helene-related costs impacting first-half cash flow; short-term FX and tariff impacts with potential mitigation via supply chain adjustments and pricing; temporary softness in certain international Front Line Care markets,post-Vantive divestiture stranded cost reduction program running through 2027; multi-year pump replacement cycle and Novum IQ infusion platform as a key growth driver; broad and comprehensive IV solutions portfolio and long-term hospital contracts with minimum volume commitments; growing Care & Connectivity Solutions and digital/connected care offerings; ongoing innovation pipeline and stepped-up cadence of new product launches across segments; structural margin improvement efforts in integrated supply chain and product mix; tariff environment driving ongoing supply chain network optimization and pricing strategy; leadership transition to a new CEO with focus on operational excellence and transformation,0.6,0.2,0.8,72,"Baxter delivered low-end in-line Q2 results but cut 2025 sales and EPS guidance mainly due to Novum pump issues and persistent IV fluid conservation, framing these as temporary headwinds amid ongoing cost, innovation, and leadership-driven structural initiatives.",
LOSER,UNH,2025-04-17,-22.38%,-0.2238,5.0,NEUTRAL,5.0,5.0,5.0,5.0,5.0,-0.3290,,-0.3559,,-2,0,-2,-1,-1,-1,0.6,0.3,"Unanticipated spike in Medicare Advantage care activity in early 2025, especially physician and outpatient utilization; Seasonal shift and earlier timing of wellness and preventive visits driving near-term specialty and outpatient follow-on care; Member behavior changes in group MA driven by sharply higher premiums following Medicare funding cuts; Revenue headwind from newly acquired Optum Health patients coming from exited plans who were under-engaged in 2024 and thus under-documented for 2025; Operational complexity and execution issues during the multiyear transition to the CMS V28 risk model; Short-term revenue impact from transitioning some Optum Health risk-based arrangements to fee-based contracts","Ongoing CMS V28 risk model change and associated permanent shift in Medicare Advantage risk adjustment economics; Multi-year Medicare Advantage funding cuts and underfunded rate increases pressuring benefits and premiums; Strategic commitment to value-based care and capitated models at Optum Health as the core long-term strategy; Secular growth in Medicare Advantage membership, including strong growth in complex and chronic SNP populations; Expansion of Optum Health’s value-based care footprint and EMR/AI-enabled clinical workflow investments; Structural role and growth of Optum Rx with transparency, rebate pass-through, reduced prior authorization and cost-based pharmacy reimbursement; Persistent focus on technology and AI to drive operating efficiency and call routing across the enterprise; Broad Medicaid footprint with ongoing state rate resets to better align funding with member acuity",0.55,0.25,0.75,82,"UnitedHealth cut its 2025 EPS outlook sharply due to unexpectedly high Medicare Advantage utilization and Optum Health revenue/mix issues, while emphasizing these are largely addressable through operational fixes and pricing for 2026 and reaffirming its long-term value-based care strategy.",
